title,authors,number_of_pages,publisher,publication_date,price_in_euros,discount_in_euros,rating,number_of_votes_goodreads,number_of_votes_one_star,number_of_votes_two_stars,number_of_votes_three_stars,number_of_votes_four_stars,number_of_votes_five_stars,bestsellers_rank,isbn13,language,category
Disney Dreams Collection Thomas Kinkade Studios Disney Princess Coloring Book,Thomas Kinkade,96,Andrews McMeel Publishing,2021-05-13,11.14,2.86,4.75,12,0,0,1,1,10,42190,9781524865559,English,Stationery
The Walking Dead : The Pop-Up Book,"Stephani Danelle Perry, Becca Zerkin, David Hawcock, Sally Elizabeth Jackson",5,Insight Editions,2015-11-30,53.25,15.75,4.56,96,2,1,8,15,70,35849,9781608874446,English,Stationery
The Book of Qualities,Ruth J Gendler,112,HarperCollins Publishers Inc,1988-01-27,11.59,3.91,4.46,986,5,20,109,230,622,103387,9780060962524,English,Stationery
Botanicals Notebook Collection,Rifle Paper Co.,64,Chronicle Books,2011-09-01,13.18,0.82,4.67,12,0,0,1,2,9,28210,9781452101859,English,Stationery
Art of Pixar Animation Studios Postcards,Disney - Pixar,100,CHRONICLE BOOKS,2005-11-10,18.99,4.51,4.36,42,1,1,5,10,25,53730,9780811849555,English,Stationery
Llamanoes : Dominoes . . . with Llamas!,"Chronicle Books, Shyama Golden",28,CHRONICLE BOOKS,2018-03-21,14.59,0.91,3,1,0,0,1,0,0,873852,9781452163710,English,Stationery
Creative Haven Fabulous Fashions of the 1960s Coloring Book,Ming-Ju Sun,64,Dover Publications Inc.,2018-07-27,7.90,0.10,3,1,0,0,1,0,0,411490,9780486821696,English,Stationery
British Airways Colouring Book,Paul Jarvis,96,Amberley Publishing,2017-04-01,14.38,1.62,4.25,4,0,0,1,1,2,859483,9781445666129,English,Stationery
Color Friendship Coloring Book,Suzy Toronto,64,Design Originals,2016-05-03,5.94,0.06,4,1,0,0,0,1,0,708514,9781497201590,English,Stationery
Spark Wellness : 50 Ways to Feel Your Healthiest,Chronicle Books,50,CHRONICLE BOOKS,2021-09-02,11.87,1.63,2,1,0,1,0,0,0,2701315,9781797209371,English,Stationery
Design for Operational Excellence: A Breakthrough Strategy for Business Growth,Kevin Duggan,320,McGraw-Hill Education - Europe,2011-09-27,28.75,6.25,3.47,53,1,6,19,21,6,487441,9780071768245,English,Stationery
Pocket Book of Compassion 2019 : Your Daily Dose of Quotes to Inspire Compassion,Trigger Publishing,160,Welbeck Publishing Group,2020-03-05,7.28,3.72,4,2,0,0,1,0,1,1475175,9781789561401,English,Stationery
Performance Management 2/E,Robert Bacal,256,McGraw-Hill Education - Europe,2012-01-16,23.22,1.28,3.78,9,1,1,1,2,4,958042,9780071772259,English,Stationery
Avocado Stickers,Ellen Scott,8,Dover Publications Inc.,2018-05-25,3.41,1.59,4,5,0,1,1,0,3,795648,9780486825069,English,Stationery
The Phoenix Encounter Method: Lead Like Your Business Is on Fire!,"Ian Woodward, V. ""Paddy"" Padmanabhan, Sameer Hasija, Ram Charan",352,McGraw-Hill Education,2020-12-16,25.24,3.26,4.07,15,0,2,2,4,7,628559,9781264257638,English,Stationery
Charley Harper's What's in the Rain Forest?,"Zoe Burke, Charley Harper",34,"Pomegranate Communications Inc,US",2013-08-01,12.28,2.72,4,13,0,0,4,5,4,993401,9780764965845,English,Stationery
Pendleton Playing Cards,Pendleton Woolen Mills,54,CHRONICLE BOOKS,2019-09-25,18.30,5.20,4,1,0,0,0,1,0,938540,9781452172569,English,Stationery
"The First Book of Moses, Called Genesis",Steven Rose,144,Canongate Books,2011-03-24,5.77,2.53,4.33,1964,69,92,234,293,1276,1247585,9780862417895,English,Stationery
William Shakespeare: Famous Loving Words,Darcy Reed,192,Insight Editions,2020-03-17,7.98,1.52,4.38,8,0,0,1,3,4,687728,9781683838647,English,Stationery
Grayscale Minis - Pocket Sized Fantasy Art Coloring Book,Selina Fenech,106,Fairies and Fantasy Pty Ltd,2019-02-26,11.28,0.42,5,1,0,0,0,0,1,1054158,9780648215653,English,Stationery
The Art of Marjorie Sarnat : Elegant Elephants Adult Coloring Book,Marjorie Sarnat,74,JR Imagination,2016-07-09,17.57,4.83,4.67,15,0,0,1,3,11,66569,9780989318983,English,Stationery
KC Doodle Art Fantasy Garden Coloring Book,Krisa Bousquet,80,Design Originals,2016-11-08,9.97,1.03,5,1,0,0,0,0,1,1021510,9781497202122,English,Stationery
Gray Malin: 50 Postcards (Postcard Book) : Make Every Day a Getaway,Gray Malin,100,Abrams,2020-09-01,16.67,0.83,3,2,1,0,0,0,1,1018201,9781419743870,English,Stationery
The Little Book of Colouring for Calm : 100 Mandalas for Relaxation in Minutes,Madonna Gauding,208,Octopus Publishing Group,2015-09-01,8.87,2.13,4.5,4,0,0,0,2,2,1287294,9781781573143,English,Stationery
"Whatever You Are, Be a Good One Notes : 20 Different Notecards & Envelopes",Lisa Congdon,20,Chronicle Books,2015-08-18,15.58,1.92,5,1,0,0,0,0,1,760186,9781452144122,English,Stationery
Star Wars: Women of the Galaxy Notebook Collection,LucasFilm Ltd.,64,CHRONICLE BOOKS,2018-11-06,12.04,2.96,5,1,0,0,0,0,1,768693,9781452173733,English,Stationery
"It's Me, The Good Advice Cupcake! : Talking Figurine and Illustrated Book",Loryn Brantz,48,"Running Press,U.S.",2019-10-15,9.47,4.03,4.33,3,0,0,1,0,2,561568,9780762468140,English,Stationery
My Reading Adventures : A Book Journal for Kids,Anne Bogel,144,"Harvest House Publishers,U.S.",2022-08-02,16.59,1.41,4.86,28,1,0,0,0,27,483271,9780736983099,English,Stationery
Grayscale Minis - Pocket Sized Fantasy Art Coloring Book,Selina Fenech,106,Fairies and Fantasy Pty Ltd,2019-02-26,11.28,0.42,5,1,0,0,0,0,1,1054158,9780648215653,English,Stationery
Pocket Posh Adult Coloring Book: Soothing Designs for Fun & Relaxation : Volume 5,Andrews Mcmeel Publishing,120,Andrews McMeel Publishing,2016-10-04,9.43,0.57,5,1,0,0,0,0,1,1017092,9781449480530,English,Stationery
T.BOR A Book (To Keep) +30 Postcards (To Send),"Maira Kalman, Steven Heller, Tibor Kalman",32,"Little Bookroom,U.S.",2002-10-01,18.45,2.55,4.5,6,0,0,1,1,4,1216929,9781892145055,English,Stationery
I'm Sorry I Farted Postcard Book,Dan Golden,25,Knock Knock,2017-08-29,8.84,2.16,4.33,3,0,0,0,2,1,1180123,9781683490388,English,Stationery
Harry Potter and the Sorcerer's Stone Enchanted Postcard Book,None,40,Harper Design,2017-12-05,11.22,1.78,4.5,2,0,0,0,1,1,1094340,9780062821638,English,Stationery
The Modern Wiccan Box of Spells : Includes 52 Enchanting Cards and a 64-Page Illustrated Spell Book,Gillian Kemp,64,"Ryland, Peters & Small Ltd",2018-11-09,19.34,0.66,4.33,3,0,0,1,0,2,366494,9781782496601,English,Stationery
Urban Words - The Dog,,32,Ravette Publishing Ltd,2019-09-12,7.36,0.14,3.5,2,0,0,1,1,0,823036,9781841614120,English,Stationery
The Great Confrontation : Europe and Islam through the Centuries,Ilya V. Gaiduk,256,"Ivan R Dee, Inc",2003-12-15,17.20,10.30,3.5,2,0,0,1,1,0,1130496,9781566635356,English,Stationery
Passover Haggadah - A Biography,"Ochs, Vanessa",232,Princeton University Press,2013-11-27,25.37,1.62,4.08,26,0,0,5,14,7,894153,9780691144986,English,Stationery
The Change Book : How Things Happen,"Mikael Krogerus, Roman Tschäppeler",176,WW Norton & Co,2015-05-16,18.36,0.64,3.47,543,19,70,196,154,104,1243581,9780393240368,English,Stationery
The Little Book of Great Women,New Internationalist,144,New Internationalist Publications Ltd,2009-10-01,4.72,1.27,3.67,3,0,0,1,2,0,1197595,9781906523220,English,Stationery
Improve Your American English Accent (Book w/ CD),Charlsie Childs,64,McGraw-Hill Education - Europe,2009-04-17,13.22,6.38,4.17,29,0,1,6,9,13,907114,9780071428095,English,Stationery
Leadership Skills for Managers,Marlene Caroselli,169,McGraw-Hill Education - Europe,2000-11-16,18.48,1.52,3.81,26,0,4,5,9,8,887037,9780071364300,English,Stationery
Classic Albums Colouring Book,Red Planet,1,Red Planet Publishing Ltd,2016-08-19,12.10,0.30,4,2,0,0,1,0,1,1023926,9781905959938,English,Stationery
The Little Book of Great Women,New Internationalist,144,New Internationalist Publications Ltd,2009-10-01,4.72,1.27,3.67,3,0,0,1,2,0,1197595,9781906523220,English,Stationery
One Piece Vol. 35,Eiichiro Oda,192,Shueisha/Tsai Fong Books,2004-11-04,8.96,3.96,4.56,4382,11,44,370,994,2963,1022187,9784088736679,Japanese,Stationery
Recording Unhinged Coloring Book : For Those Who Color Outside the Lines,Sylvia Massy,96,Hal Leonard Corporation,2016-11-01,17.79,0.21,4.67,3,0,0,0,1,2,1123086,9781495076718,English,Stationery
The Little Book of Colouring for Calm : 100 Mandalas for Relaxation in Minutes,Madonna Gauding,208,Octopus Publishing Group,2015-09-01,8.87,2.13,4.5,4,0,0,0,2,2,1287294,9781781573143,English,Stationery
It's Wales: Welsh Quiz Book,Jim Green,96,Y Lolfa,2004-12-31,5.31,3.19,3.33,3,0,1,1,0,1,1314518,9780862437206,English,Stationery
52 Alternatives to Screen Time,Chronicle Books,54,Chronicle Books,2021-08-19,7.09,0.27,4.67,3,0,0,0,1,2,2215240,9781797212340,English,Stationery
Whatever is Lovely Postcard Book,Ink & Willow,24,Random House USA Inc,2020-10-20,12.13,2.37,4.86,14,0,0,0,2,12,1853305,9780593192917,English,Stationery
52 Awesome Things to Try Once in Your Life,Chronicle Books,54,Chronicle Books,2021-04-21,6.79,1.21,1.33,6,4,2,0,0,0,2215230,9781797202686,English,Stationery
One Piece Vol. 35,Eiichiro Oda,192,Shueisha/Tsai Fong Books,2004-11-04,8.96,3.96,4.56,4382,11,44,370,994,2963,1022187,9784088736679,Japanese,Stationery
My Reading Adventures : A Book Journal for Kids,Anne Bogel,144,"Harvest House Publishers,U.S.",2022-08-02,16.59,1.41,4.86,28,1,0,0,0,27,483271,9780736983099,English,Stationery
Colouring Chinoiserie : A Sophisticated Activity Book,William Sim,96,Marshall Cavendish International (Asia) Pte Ltd,2016-08-07,14.38,6.62,4,2,0,0,0,2,0,498682,9789814751070,English,Stationery
My Life in Emoticons : A Journal,Chronicle Books,112,CHRONICLE BOOKS,2017-08-01,7.87,5.13,5,1,0,0,0,0,1,2169197,9781452163604,English,Stationery
Cool Construction Site Stickers,Dover,4,Dover Publications Inc.,2016-06-24,4.00,1.00,4,1,0,0,0,1,0,627867,9780486803166,English,Stationery
I Love You Mommy - Kids Picture Books : Love You Forever,Hana Maria,30,Independently Published,2020-05-14,11.60,0.43,3.8,5,0,1,1,1,2,9798645764678,9798645764678,English,Stationery
The Offical Bob Ross Coloring Book : The Colors of the Four Seasons,Bob Ross,96,Universe Publishing,2019-09-03,17.06,0.44,4.5,8,0,0,1,2,5,1058732,9780789336811,English,Stationery
Inuit Art from Cape Dorset Sticker Book,Dorset Fine Art,8,"Pomegranate Communications Inc,US",2014-06-01,9.01,0.99,5,1,0,0,0,0,1,928654,9780764968822,English,Stationery
One Year Wiser : The Coloring Book,Mike Medaglia,112,SELFMADEHERO,2016-01-19,14.26,1.74,4.43,136,0,3,17,35,81,1039535,9781910593141,English,Stationery
Sweet Escape Coloring Book : Patience & Serenity,Coloring Books for Adults,82,Zing Books,2015-08-25,9.43,2.07,5,1,0,0,0,0,1,1896189,9780996275484,English,Stationery
Adult Coloring Book,Speedy Publishing Llc,46,Speedy Publishing Books,2015-05-04,12.18,0.72,3,1,0,0,1,0,0,1074953,9781681459752,English,Stationery
Spirited Away Journal,Studio Ghibli,192,Chronicle Books,2020-11-30,13.76,0.74,5,1,0,0,0,0,1,1054699,9781452179575,English,Stationery
The Picador Book of Birth Poems,Kate Clanchy,176,Pan Macmillan,2012-01-05,6.63,5.77,3.46,13,2,1,2,5,3,995556,9780330456852,English,Stationery
Bloody Alphabet : The Scariest Serial Killers Coloring Book. A True Crime Adult Gift - Full of Famous Murderers. For Adults Only.,Brian Berry,52,Kolme Korkeudet Oy,2020-01-20,21.37,3.63,4.67,6,0,0,0,2,4,255847,9789526929262,English,Stationery
"Gilmore Girls: You're My Coffee, Coffee, Coffee! A Fill-In Book",Michelle Morgan,96,"Running Press,U.S.",2022-04-28,9.55,3.45,5,1,0,0,0,0,1,9780762480074,9780762480074,English,Stationery
Tank Girl Coloring Book,"Alan Martin, Brett Parsons, Jamie Hewlett",80,Titan Books Ltd,2018-10-16,14.44,1.06,3,1,0,0,1,0,0,1079803,9781785867514,English,Stationery
Spawn Coloring Book,Todd McFarlane,96,Image Comics,2016-04-19,18.86,1.24,4.5,4,0,0,1,0,3,1027700,9781632157850,English,Stationery
So Many Books So Little Time - Jo Cox Poster,Jo Cox,1,Graffeg Limited,2016-11-11,12.47,3.53,5,1,0,0,0,0,1,1957807,9781912050659,English,Stationery
Color Me Swoon : The Beefcake Activity Book for Good Color-Inners as well as Beginners,Mel Elliott,128,Penguin Putnam Inc,2013-09-03,14.79,1.21,4.14,28,1,0,7,6,14,305747,9780399165474,English,Stationery
Hygge Happy Coloring Book : Coloring Pages for a Cozy Life,Robin Pickens,80,Design Originals,2017-09-26,9.98,1.02,3.5,2,0,1,0,0,1,844358,9781497203655,English,Stationery
Just Enough Turkish,Passport Books,144,"NTC Publishing Group,U.S.",1990-10-21,11.60,1.40,3.4,15,0,4,4,4,3,1695883,9780844295183,English,Stationery
The One World Tarot : A Deck and Book Set,"Lena Rodriguez, Seanna Rose, June Rifkin, Alexandra Filipek",304,St Martin's Press,2022-10-04,20.65,14.35,5,1,0,0,0,0,1,448245,9781250809315,English,Stationery
Em & Friends About You Book Fill in the Love Fill-in-the-Blank Book & Gift Journal,Em & Friends,64,Knock Knock,2019-07-10,7.14,1.97,3.75,4,1,0,0,1,2,2622464,9781642445626,English,Stationery
The American Sign Language Phrase Book with DVD,"Barbara Bernstein Fant, Lou Fant",400,McGraw-Hill Education - Europe,2011-06-09,21.20,1.80,4.07,282,5,15,53,91,118,780844,9780071759328,English,Stationery
"Corrective Reading Decoding Level B2, Student Book",McGraw Hill,240,McGraw-Hill Education - Europe,2007-04-16,50.27,5.73,5,1,0,0,0,0,1,757592,9780076112265,English,Stationery
Self Care: Volume 6 : A Journal to Reclaim Your Time to Rest and Rejuvenate,Editors of Chartwell Books,160,Book Sales Inc,2021-06-22,9.52,1.48,3.93,15,1,2,1,4,7,3099692,9780785839248,English,Stationery
The Queen From Provence : (The Plantagenets: book VI): a wonderfully evocative and beautifully atmospheric novel bringing the Plantagenets to life from the Queen of English historical fiction,Jean Plaidy,400,Cornerstone,2008-02-07,12.40,0.10,3.89,632,8,24,180,238,182,66729,9780099510277,English,Stationery
Color Me Drunk : A Drinking and Drawing Activity Book,Potter Gift,128,Random House USA Inc,2012-08-07,18.08,1.92,4.33,27,0,1,5,5,16,323634,9780307886927,English,Stationery
Harley Quinn Talking Figure and Illustrated Book,Steve Korté,48,"Running Press,U.S.",2021-08-19,10.62,3.88,4,1,0,0,0,1,0,763332,9780762474684,English,Stationery
Book Marks (Guided Journal) : A Reading Tracker,Book Riot,144,Abrams,2020-02-11,15.04,1.96,2.5,2,1,0,0,1,0,1066651,9781419743573,English,Stationery
Em & Friends About You Book Fill in the Love Fill-in-the-Blank Book & Gift Journal,Em & Friends,64,Knock Knock,2019-07-10,7.14,1.97,3.75,4,1,0,0,1,2,2622464,9781642445626,English,Stationery
Pusheen: I Like You More than Pizza : A Fill-In Book,Claire Belton,96,"Running Press,U.S.",2020-04-30,11.09,1.91,4.75,16,0,0,2,0,14,284037,9780762496969,English,Stationery
"The Interesting Narrative of the Life of Olaudah Equiano, or Gustavus Vassa, the African, Written by Himself : With Two Maps (Aziloth Books)","Olaudah Equiano, Gustavus Vassa",152,Aziloth Books,2018-06-04,11.36,1.24,3.74,12200,241,1023,3635,4031,3270,1293201,9781911405672,English,Stationery
New York Street Style : A Coloring Book,Zoe De Las Cases,80,Random House USA Inc,2017-08-29,15.83,2.17,4,6,0,0,1,4,1,673661,9781524760229,English,Stationery
"Stories from Puerto Rico / Historias de Puerto Rico, Second Edition",Robert Muckley,192,McGraw-Hill Education - Europe,2010-05-16,18.75,0.75,3.38,16,1,1,5,9,0,547605,9780071701754,English,Stationery
Nursing the Acutely ill Adult: Case Book,"Karen Page, Aidin McKinney",200,Open University Press,2013-03-30,35.27,1.73,4.55,11,0,0,2,1,8,622679,9780335243099,English,Stationery
Modern Toss: The Working Day Colouring Book,"Jon Link, Mick Bunnage",64,Modern Toss Limited,2016-05-26,12.98,2.52,3.8,5,0,0,1,4,0,697461,9780992910723,English,Stationery
Just Enough Greek,Passport Books,160,"NTC Publishing Group,U.S.",1983-05-16,11.78,1.22,3.5,4,0,1,1,1,1,1549835,9780844295053,English,Stationery
Just Enough Turkish,Passport Books,144,"NTC Publishing Group,U.S.",1990-10-21,11.60,1.40,3.4,15,0,4,4,4,3,1695883,9780844295183,English,Stationery
The One World Tarot : A Deck and Book Set,"Lena Rodriguez, Seanna Rose, June Rifkin, Alexandra Filipek",304,St Martin's Press,2022-10-04,20.65,14.35,5,1,0,0,0,0,1,448245,9781250809315,English,Stationery
Unicorns Are Jerks: Coloring and Activity Book,"Sourcebooks, Theo Lorenz",96,"Sourcebooks, Inc",2017-04-01,13.26,0.74,4.5,4,0,0,1,0,3,873375,9781492647591,English,Stationery
"The Books of Jonah, Micah and Nahum",Alasdair Gray,48,Canongate Books,2011-03-24,3.86,1.14,4.71,7,0,0,0,2,5,2097710,9780862419714,English,Stationery
The Apostles' Creed Coloring Book,Natasha Kennedy,20,Faithlife Corporation,2022-02-02,4.92,0.58,5,1,0,0,0,0,1,984168,9781683596257,English,Stationery
The Trading Book Course: A Practical Guide to Profiting with Technical Analysis,Anne-Marie Baiynd,192,McGraw-Hill Education - Europe,2013-02-08,37.42,6.08,3,8,1,1,3,3,0,795186,9780071803366,English,Stationery
World Beat Designs: Mandalas and More Coloring Book,Debra Valencia,80,Design Originals,2015-11-01,9.79,1.21,5,1,0,0,0,0,1,844353,9781497200029,English,Stationery
Posh Adult Coloring Book: Hymnspirations for Joy & Praise,Deborah Muller,128,Andrews McMeel Publishing,2016-04-07,12.89,1.11,3.33,3,0,0,2,1,0,844773,9781449477998,English,Stationery
Em & Friends Pep Talk Postcard Book,Em & Friends,20,Knock Knock,2019-04-09,8.72,1.52,3.67,3,1,0,0,0,2,939600,9781642444810,English,Stationery
The Scottish Nature Colouring Book,Eilidh Muldoon,48,Birlinn General,2022-07-05,13.21,1.79,5,1,0,0,0,0,1,797930,9781780277639,English,Stationery
Inuit Art Birds Book of Postcards,Inuit,30,"Pomegranate Communications Inc,US",2004-08-01,13.35,1.15,5,3,0,0,0,0,3,812863,9780764924729,English,Stationery
The Official Bitcoin Coloring Book,Satoshi Nakamoto,72,Leaf Storm Press,2020-01-02,11.60,1.90,4,2,0,0,1,0,1,916481,9781945652011,English,Stationery
Paramedics: From Street to Emergency Department Case Book,"Sarah Fellows, Bob Fellows",176,Open University Press,2012-02-16,34.47,1.03,5,1,0,0,0,0,1,738406,9780335242672,English,Stationery
Catbus Plush Journal,Studio Ghibli,96,Chronicle Books,2019-03-05,15.58,2.92,5,1,0,0,0,0,1,544863,9781452168654,English,Stationery
Conflict Resolution,Daniel Dana,192,McGraw-Hill Education - Europe,2001-01-03,16.42,0.58,3.41,71,2,13,22,22,12,510002,9780071364317,English,Stationery
"Chalk-Style Celebrations Coloring Book : Color With All Types of Markers, Gel Pens & Colored Pencils",Valerie McKeehan,80,Design Originals,2016-10-04,9.79,1.21,5,1,0,0,0,0,1,769549,9781497201637,English,Stationery
Color Sisterhood Coloring Book,Suzy Toronto,64,Design Originals,2016-05-03,5.94,0.06,4,4,0,0,1,2,1,844356,9781497201583,English,Stationery
"The Big Book of Business Games: Icebreakers, Creativity Exercises and Meeting Energizers","John Newstrom, Edward Scannell",170,McGraw-Hill Education - Europe,1996-01-30,28.64,3.86,3.45,65,3,12,20,13,17,594063,9780070464766,English,Stationery
Just Enough Greek,Passport Books,160,"NTC Publishing Group,U.S.",1983-05-16,11.78,1.22,3.5,4,0,1,1,1,1,1549835,9780844295053,English,Stationery
Paper Blossoms for All Seasons : A Book of Beautiful Bouquets for the Table,Ray Marshall,4,CHRONICLE BOOKS,2017-06-20,34.21,7.29,4.4,5,0,1,0,0,4,246620,9781452149981,English,Stationery
Great Speeches For Better Speaking (Book + Audio CD),Michael Eidenmuller,256,McGraw-Hill Education - Europe,2008-07-16,22.99,2.01,3.97,30,0,1,8,12,9,648952,9780071472296,English,Stationery
"The Big Book of Stress Relief Games: Quick, Fun Activities for Feeling Better",Robert Epstein,224,McGraw-Hill Education - Europe,2000-04-17,25.09,0.41,3.41,22,2,3,7,4,6,594062,9780070218666,English,Stationery
Kerem Beyit: Red Dragon (Blank Sketch Book),Flame Tree Studio,176,Flame Tree Publishing,2016-08-25,20.78,0.72,4,1,0,0,0,1,0,695217,9781786640178,English,Stationery
William Morris : An Arts & Crafts Colouring Book,Victoria and Albert Museum,96,Thames & Hudson Ltd,2017-01-31,19.98,0.52,4.6,5,0,0,0,2,3,266149,9780500420591,English,Stationery
"The Great Book of Journaling : How Journal Writing Can Support a Life of Wellness, Creativity, Meaning and Purpose (Therapeutic Writing, Personal Writing)","Eric Maisel, Lynda Monk",288,Mango Media,2022-06-14,20.33,3.67,3.85,13,0,0,5,5,3,750320,9781642508543,English,Stationery
Harry Potter and the Chamber of Secrets Enchanted Postcard Book,,40,Titan Books Ltd,2017-11-28,10.58,0.92,5,3,0,0,0,0,3,724576,9781785657429,English,Stationery
The Big Book of Six Sigma Training Games: Proven Ways to Teach Basic DMAIC Principles and Quality Improvement Tools,"Chris Chen, Hadley Roth",256,McGraw-Hill Education - Europe,2005-01-16,24.40,0.60,3.25,24,1,5,8,7,3,437326,9780071443852,English,Stationery
Unwind Every Day : A Journal,Chronicle Books,388,CHRONICLE BOOKS,2018-05-01,14.02,3.48,2.75,4,1,0,2,1,0,1270774,9781452167817,English,Stationery
"My Reading Life : What I Read, How It Felt, and What I Thought (A Book Journal for Book Lovers. Gi fts for Book Lovers. Gifts for Readers)",Spruce Books,176,Sasquatch Books,2022-01-11,15.25,2.75,3,1,0,0,1,0,0,9781632174222,9781632174222,English,Stationery
William Morris : An Arts & Crafts Colouring Book,Victoria and Albert Museum,96,Thames & Hudson Ltd,2017-01-31,19.98,0.52,4.6,5,0,0,0,2,3,266149,9780500420591,English,Stationery
Posh Adult Coloring Book: Prayers for Inspiration & Peace,Deborah Muller,128,Andrews McMeel Publishing,2016-04-07,12.81,1.19,5,3,0,0,0,0,3,589356,9781449477981,English,Stationery
Making Out in Turkish : (Turkish Phrasebook),Ashley Carman,128,Tuttle Publishing,2013-03-11,7.21,1.29,4.14,7,0,0,1,4,2,438353,9780804840255,English,Stationery
Disney Word Search and Coloring Book,Editors of Thunder Bay Press,120,"Readerlink Distribution Services, LLC",2020-10-06,9.94,0.06,5,1,0,0,0,0,1,710595,9781645174059,English,Stationery
The Trader's Book of Volume: The Definitive Guide to Volume Trading,Mark Leibovit,416,McGraw-Hill Education - Europe,2011-03-16,53.71,5.79,3.43,14,2,2,3,2,5,620526,9780071753753,English,Stationery
The Colouring Book of Glasgow,Eilidh Muldoon,48,Birlinn General,2019-09-11,13.22,1.78,5,1,0,0,0,0,1,731828,9781780276144,English,Stationery
"The NeuroICU Book, Second Edition",Kiwon Lee,1104,McGraw-Hill Education - Europe,2017-09-05,81.26,34.24,4.55,20,0,0,1,7,12,66982,9780071841443,English,Stationery
Russian Alphabet Colouring Book,"Amanita (Alexander Erashov), Fuel, Damon Murray, Stephen Sorrell",112,FUEL Publishing,2016-09-08,17.66,2.34,5,3,0,0,0,0,3,707070,9780993191145,English,Stationery
Color Friendship Coloring Book,Suzy Toronto,64,Design Originals,2016-05-03,5.94,0.06,4,1,0,0,0,1,0,708514,9781497201590,English,Stationery
Disney Frozen Postcard Box,Disney,100,CHRONICLE BOOKS,2019-10-15,22.75,1.75,5,1,0,0,0,0,1,446782,9781452176871,English,Stationery
The Practical Mariner's Book of Knowledge,John Vigor,288,McGraw-Hill Education - Europe,2013-03-16,21.60,0.40,3.97,60,1,4,12,22,21,698223,9780071808286,English,Stationery
"The Big Book of Presentation Games: Wake-Em-Up Tricks, Icebreakers, and Other Fun Stuff","John Newstrom, Edward Scannell",224,McGraw-Hill Education - Europe,1998-01-16,27.43,0.07,3.74,65,1,5,21,21,17,418728,9780070465015,English,Stationery
Complete Urdu Beginner to Intermediate Course : (Book and audio support),"David Matthews, Mohamed Kasim Dalvi",472,John Murray Press,2014-11-28,43.60,10.90,3.41,17,1,3,4,6,3,46168,9781444195941,English,Stationery
This Annoying Life : A Mindless Coloring Book for the Highly Stressed,Oslo Davis,64,CHRONICLE BOOKS,2016-10-04,13.82,0.18,4.27,22,0,0,4,8,10,386988,9781452159782,English,Stationery
Edward Gorey Colouring Book,Edward Gorey,48,"Pomegranate Communications Inc,US",2013-01-01,10.36,0.64,4.67,3,0,0,0,1,2,667468,9780764953460,English,Stationery
"My Father's Life - Second Edition: Volume 27 : Dad, I Want to Know Everything About You",Editors of Chartwell Books,204,Book Sales Inc,2022-04-26,11.11,2.89,1,2,2,0,0,0,0,1058571,9780785840220,English,Stationery
Spirit Animal Tarot : Includes an Inspirational Book and a Full Deck of Specially Commissioned Tarot Cards,Dawn Brunke,96,"Ryland, Peters & Small Ltd",2020-02-11,22.23,1.27,5,5,0,0,0,0,5,32781,9781782498230,English,Stationery
The Widow of Windsor : (Queen Victoria: Book 4),Jean Plaidy,464,Cornerstone,2008-10-02,18.36,0.14,3.93,427,5,19,113,154,136,225416,9780099510253,English,Stationery
The Disney Villains Postcard Box : 100 Collectible Postcards,Disney,100,Chronicle Books,2020-11-17,23.37,1.13,5,1,0,0,0,0,1,402893,9781797200897,English,Stationery
Improve Your English: English in Everyday Life (DVD w/ Book),"Stephen Brown, Ceil Lucas",144,McGraw-Hill Education - Europe,2008-11-16,13.69,8.31,3.25,8,0,3,1,3,1,490260,9780071497176,English,Stationery
The Charles Rennie Mackintosh Colouring Book,Eilidh Muldoon,48,Birlinn General,2018-07-10,13.64,1.36,5,1,0,0,0,0,1,617924,9781780275482,English,Stationery
Improve Your English: English in the Workplace (DVD w/ Book),"Stephen Brown, Ceil Lucas",144,McGraw-Hill Education - Europe,2008-11-16,14.43,9.07,2.57,7,2,2,1,1,1,490066,9780071497183,English,Stationery
Out of Your Mind : A Journal and Coloring Book to Distract Your Anxious Mind,Dani DiPirro,160,Penguin Putnam Inc,2022-09-13,14.57,2.43,5,2,0,0,0,0,2,55494,9780593538388,English,Stationery
Em & Friends Feel Terrible Book Fill in the Love Fill-in-the-Blank Book & Gift Journal,Em & Friends,64,Knock Knock,2019-07-10,7.14,1.97,5,1,0,0,0,0,1,34601,9781642445633,English,Stationery
Tiffany Glass Coloring Book,"Jessica Palmer, The New York Historical Society",96,Rizzoli International Publications,2017-09-19,17.77,0.23,5,1,0,0,0,0,1,670105,9780847860708,English,Stationery
"Quilt Label Collective CD Vol. 1 : Over 150 Designs to Customize, Print & Embellish",Various,1,C & T Publishing,2012-05-16,9.66,3.34,1,2,2,0,0,0,0,554370,9781607054191,English,Stationery
The Consultant's Big Book of Organization Development Tools,Mel Silberman,300,McGraw-Hill Education - Europe,2002-12-16,35.59,1.91,3.84,32,2,2,9,5,14,562701,9780071408837,English,Stationery
The Little Black Book of Management: Essential Tools for Getting Results NOW,Suzanne Turner,224,McGraw-Hill Education - Europe,2010-07-16,20.52,4.48,3.53,15,2,0,6,2,5,527790,9780071738651,English,Stationery
Management Lessons from Mayo Clinic: Inside One of the World's Most Admired Service Organizations,"Leonard Berry, Kent Seltman",304,McGraw-Hill Education,2017-06-16,21.44,0.06,3.9,278,6,19,62,102,89,532402,9781260011838,English,Stationery
Elliot Wave Techniques Simplified: How to Use the Probability Matrix to Profit on More Trades,Bennett McDowell,272,McGraw-Hill Education - Europe,2016-04-16,54.26,13.74,3.94,32,1,4,7,4,16,416477,9780071819305,English,Stationery
Edward Gorey Colouring Book,Edward Gorey,48,"Pomegranate Communications Inc,US",2013-01-01,10.36,0.64,4.67,3,0,0,0,1,2,667468,9780764953460,English,Stationery
Disney Tangled Tiny Book,Insight Editions,192,Insight Editions,2022-06-14,8.31,3.19,4.43,7,0,0,2,0,5,577682,9781647226329,English,Stationery
Queen Elizabeth I Book of Days,Tudor Times,256,Graffeg Limited,2022-01-01,20.40,6.10,5,1,0,0,0,0,1,678564,9781913134860,English,Stationery
The 12 Powers of a Marketing Leader: How to Succeed by Building Customer and Company Value,"Thomas Barta, Patrick Barwise",240,McGraw-Hill Education,2016-10-16,24.12,5.38,4.03,68,2,1,13,29,23,425437,9781259834714,English,Stationery
Star Trek Cats Twin Pins,Jenny Parks,2,Chronicle Books,2017-09-29,9.82,7.68,5,3,0,0,0,0,3,407383,9781452164540,English,Stationery
Art Therapy: An Anti-Stress Colouring Book for Adults,"Richard Merritt, Hannah Davies, Cindy Wilde",128,Michael O'Mara Books Ltd,2019-06-01,15.72,2.28,4,1,0,0,0,1,0,506153,9781912785032,English,Stationery
The Trading Book: A Complete Solution to Mastering Technical Systems and Trading Psychology,Anne-Marie Baiynd,272,McGraw-Hill Education - Europe,2011-08-16,39.69,2.81,3.97,37,1,1,10,11,14,410389,9780071766494,English,Stationery
"My Father's Life - Second Edition: Volume 27 : Dad, I Want to Know Everything About You",Editors of Chartwell Books,204,Book Sales Inc,2022-04-26,11.11,2.89,1,2,2,0,0,0,0,1058571,9780785840220,English,Stationery
LEGO (R) Still Life with Bricks: 100 Collectible Postcards,LEGO (R),100,CHRONICLE BOOKS,2020-05-05,23.80,0.70,4,1,0,0,0,1,0,439614,9781452179643,English,Stationery
The American Sign Language Phrase Book,"Barbara Bernstein Fant, Betty Miller, Lou Fant",400,McGraw-Hill Education - Europe,2008-09-17,19.74,10.26,4.07,282,5,15,53,91,118,568930,9780071497138,English,Stationery
Color Peace Coloring Book : Perfectly Portable Pages,Joanne Fink,64,Design Originals,2015-11-01,5.94,0.06,4.44,9,0,1,0,2,6,601046,9781497200845,English,Stationery
"Chalk-Style Nature Coloring Book : Color with All Types of Markers, Gel Pens & Colored Pencils",Deb Strain,80,Design Originals,2016-10-04,9.79,1.21,5,1,0,0,0,0,1,576164,9781497201736,English,Stationery
Your First 100 Words in Arabic (Book Only),Jane Wightwick,64,McGraw-Hill Education - Europe,1999-09-16,18.53,1.47,3.6,53,4,7,10,17,15,520774,9780844223957,English,Stationery
LEGO (R) Still Life with Bricks: 100 Collectible Postcards,LEGO (R),100,CHRONICLE BOOKS,2020-05-05,23.80,0.70,4,1,0,0,0,1,0,439614,9781452179643,English,Stationery
Rebuilding the Famous Ford Flathead,Ron Bishop,144,McGraw-Hill Education - Europe,2014-01-30,18.25,1.25,4,6,0,1,0,3,2,259117,9780830620661,English,Stationery
Design for Operational Excellence: A Breakthrough Strategy for Business Growth,Kevin Duggan,320,McGraw-Hill Education - Europe,2011-09-27,28.75,6.25,3.47,53,1,6,19,21,6,487441,9780071768245,English,Stationery
"The Big Book of Team Coaching Games: Quick, Effective Activities to Energize, Motivate, and Guide Your Team to Success","Mary Scannell, Mike Mulvihill, Joanne Schlosser",240,McGraw-Hill Education - Europe,2013-08-23,24.71,0.29,3.17,12,2,1,3,5,1,382687,9780071813006,English,Stationery
Color Peace Coloring Book : Perfectly Portable Pages,Joanne Fink,64,Design Originals,2015-11-01,5.94,0.06,4.44,9,0,1,0,2,6,601046,9781497200845,English,Stationery
The Ocean Notes: 20 Different Notecards & Envelopes,Chronicle Books,20,Chronicle Books,2019-04-02,13.98,3.52,4,1,0,0,0,1,0,939110,9781452172767,English,Stationery
"Chalk-Style Botanicals Deluxe Coloring Book : Color With All Types of Markers, Gel Pens & Colored Pencils",Valerie McKeehan,80,Design Originals,2016-05-03,15.27,0.73,4.33,3,0,0,1,0,2,477660,9781497201514,English,Stationery
You're the Fucking Best Mini Notecards : 24 Mini Notecards for all Occasions,"Chronicle Books, Linus Boman",30,Chronicle Books,2019-03-05,13.25,4.25,5,1,0,0,0,0,1,1111520,9781452176529,English,Stationery
"The Book of Shadows: Volume 9 : A Journal of Magick, Spells, & Rituals",Anastasia Greywolf,160,"Wellfleet Press,U.S.",2021-10-05,15.55,2.45,3.59,22,3,1,6,4,8,39679,9781577152422,English,Stationery
Harry Potter and the Chamber of Secrets Enchanted Postcard Book,None,40,Harper Design,2017-12-05,11.82,2.18,5,2,0,0,0,0,2,450080,9780062821645,English,Stationery
Harry Potter Magical Creatures Postcard Coloring Book,Scholastic,40,Scholastic US,2016-06-28,10.58,0.42,4.62,21,0,0,2,4,15,434381,9781338054590,English,Stationery
Thinking of You (A Bouquet in a Book) : Turn this Book into a Bouquet,Molly Hatch,24,ABRAMS,2018-07-09,16.44,2.06,4.67,6,0,0,1,0,5,531729,9781419729553,English,Stationery
Edward Gorey Mysterious Messages Cryptic Cards Coded Conundrums Anonymous Notes Book of Postcards,Edward Gorey,30,"Pomegranate Communications Inc,US",2011-04-01,10.85,4.15,4.59,22,0,1,1,4,16,297954,9780764955280,English,Stationery
True Paradox - How Christianity Makes Sense of Our Complex World,David Skeel,176,InterVarsity Press,2014-09-28,13.14,3.86,3.67,137,2,17,30,63,25,364967,9780830836765,English,Stationery
Creative Haven Fabulous Fashions of the 1960s Coloring Book,Ming-Ju Sun,64,Dover Publications Inc.,2018-07-27,7.90,0.10,3,1,0,0,1,0,0,411490,9780486821696,English,Stationery
The Little World of Liz Climo Colouring Book,Liz Climo,70,Tablo Publishing,2021-02-24,19.99,10.91,5,1,0,0,0,0,1,434016,9781649694126,English,Stationery
Coloring for Grown-Ups Holiday Fun Book,"Ryan Hunter, Taige Jensen",64,Penguin Putnam Inc,2013-09-24,10.93,0.07,4.04,25,0,1,7,7,10,422854,9780142180686,English,Stationery
Manager's Guide To Business Writing 2/E,Suzanne Sparks Fitzgerald,192,McGraw-Hill Education - Europe,2011-11-16,17.36,0.64,3,3,0,1,1,1,0,340145,9780071772266,English,Stationery
Monet Book of Postcards,Pomegranate Communications Inc,30,"Pomegranate Communications Inc,US",2010-08-27,13.35,0.65,4.2,5,0,0,1,2,2,564617,9780876545638,English,Stationery
Mythographic Color and Discover: Dream Garden : An Artist's Coloring Book of Floral Fantasies,Fabiana Attanasio,96,St Martin's Press,2021-08-10,17.29,1.71,3.5,2,0,0,1,1,0,163441,9781250275400,English,Stationery
"Big Book of Virtual Teambuilding Games: Quick, Effective Activities to Build Communication, Trust and Collaboration from Anywhere!","Mary Scannell, Michael Abrams, Mike Mulvihill",256,McGraw-Hill Education - Europe,2012-01-16,27.47,4.53,3.73,26,2,2,5,9,8,372074,9780071774352,English,Stationery
Nine Minutes on Monday: The Quick and Easy Way to Go From Manager to Leader,James Robbins,240,McGraw-Hill Education - Europe,2012-11-16,22.58,2.42,3.91,314,5,18,72,124,95,393212,9780071801980,English,Stationery
How High Am I? Journal,Chronicle Books,144,Chronicle Books,2010-03-17,12.55,0.95,5,1,0,0,0,0,1,969495,9780811874434,English,Stationery
Baby Book : Moments and memories from your baby's first three years,Quarto Publishing,208,Frances Lincoln Publishers Ltd,2020-09-01,19.08,4.92,5,1,0,0,0,0,1,834579,9780711253711,English,Stationery
"The Big Book of Conflict Resolution Games: Quick, Effective Activities to Improve Communication, Trust and Collaboration",Mary Scannell,240,McGraw-Hill Education - Europe,2010-07-16,27.07,1.93,3.62,26,1,4,8,4,9,63522,9780071742245,English,Stationery
The Beginner`s Guide to the Gift of Prophecy,Jack Deere,160,Baker Publishing Group,2008-11-03,11.54,0.67,4.27,253,4,6,35,81,127,298132,9780800796433,English,Stationery
"The Big Book of Creativity Games: Quick, Fun Acitivities for Jumpstarting Innovation",Robert Epstein,224,McGraw-Hill Education - Europe,2000-09-16,23.39,0.61,3.57,21,0,4,7,4,6,319709,9780071361767,English,Stationery
The Farmer's Wife Sampler Quilt Coloring Book : Color 70 Classic Quilt Designs from Your Favorite Sampler Collection,Laurie Aaron Hird,144,F&W Publications Inc,2016-02-29,14.79,1.21,4.09,11,1,0,1,4,5,402416,9781440246715,English,Stationery
Green Roof Construction and Maintenance (GreenSource Books),Kelly Luckett,208,McGraw-Hill Education - Europe,2009-10-16,75.75,0.75,3.71,7,0,0,4,1,2,986423,9780071608800,English,Stationery
K-12 Coloring Book,Melanie Martinez,72,Ulysses Press,2021-11-18,15.27,0.23,5,1,0,0,0,0,1,447892,9781646043071,English,Stationery
Dragon Wisdom : 43-Card Oracle Deck and Book,"Christine Arana Fader, Anja Kostka",112,Inner Traditions Bear and Company,2020-12-11,18.31,5.69,4.5,6,0,0,1,1,4,117335,9781644111086,English,Stationery
Darth Vader & Son / Vader's Little Princess Deluxe Box Set (includes two art prints) (Star Wars),Jeffrey Brown,64,CHRONICLE BOOKS,2015-09-08,33.14,3.36,4.25,55,2,1,7,16,29,338275,9781452144870,English,Stationery
Finding Your Strength in Difficult Times,David Viscott,272,McGraw-Hill Education - Europe,2003-06-16,12.01,1.49,4.03,1017,32,69,197,260,459,181799,9780071418638,English,Stationery
Disney: Moana Tiny book,Insight Editions,192,Insight Editions,2020-09-29,8.43,2.57,5,5,0,0,0,0,5,41093,9781683839477,English,Stationery
642 Things to Draw: Paris,Chronicle Books,304,Chronicle Books,2016-03-01,11.38,0.12,3,1,0,0,1,0,0,760187,9781452147284,English,Stationery
"The Big Book of Team-Motivating Games: Spirit-Building, Problem-Solving and Communication Games for Every Group","Mary Scannell, Edward Scannell",224,McGraw-Hill Education - Europe,2009-10-16,23.63,3.38,3.78,65,1,3,20,26,15,63528,9780071629621,English,Stationery
Tudor Book of Days Perpetual Diary,Tudor Times,192,Graffeg Limited,2017-11-17,18.06,6.44,4.83,6,0,0,0,1,5,421870,9781912213238,English,Stationery
The Old Outboard Book,Peter Hunn,320,McGraw-Hill Education - Europe,2002-06-06,31.03,0.47,4,9,0,1,1,4,3,353141,9780071383097,English,Stationery
Color Joy Coloring Book : Perfectly Portable Pages,Valentina Harper,64,Design Originals,2015-09-01,5.94,0.06,4,6,0,1,0,3,2,365093,9781497200319,English,Stationery
The Times Quick Crossword Book 25 : 100 General Knowledge Puzzles from the Times 2,"The Times Mind Games, John Grimshaw, Times2",240,HarperCollins Publishers,2021-04-01,8.73,0.27,5,1,0,0,0,0,1,410228,9780008404253,English,Stationery
"The Big Book of Leadership Games: Quick, Fun Activities to Improve Communication, Increase Productivity, and Bring Out the Best in Employees",Vasudha Deming,176,McGraw-Hill Education - Europe,2004-08-16,22.84,2.16,3.5,36,1,5,14,7,9,195701,9780071435253,English,Stationery
Ayahuasca Jungle Visions : A Coloring Book,Alexander George Ward,104,Divine Arts,2016-10-01,9.44,4.56,4.5,6,0,0,1,1,4,132990,9781611250534,English,Stationery
The Art Masters Sticker Book: Over 250 Stickers,Dover,32,Dover Publications Inc.,2016-01-29,15.86,1.64,3,2,0,1,0,1,0,332818,9780486803395,English,Stationery
"Disrupting Class, Expanded Edition: How Disruptive Innovation Will Change the Way the World Learns","Clayton Christensen, Michael Horn, Curtis Johnson",272,McGraw-Hill Education,2016-11-16,20.84,1.92,3.87,1832,41,122,441,667,561,301920,9781259860881,English,Stationery
The Little Book of Colouring For Mindfulness : 100 Mandalas for Instant Calm,Cynthia Emerlye,208,Octopus Publishing Group,2016-06-02,8.71,3.69,4,1,0,0,0,1,0,404846,9781781573884,English,Stationery
Premature Menopause Book,Kathryn Petras,416,HarperCollins Publishers Inc,2018-02-27,16.13,1.27,3.81,16,1,0,4,7,4,412632,9780380805419,English,Stationery
The Big Book of Boat Canvas: A Complete Guide to Fabric Work on Boats,Karen Lipe,256,McGraw-Hill Education - Europe,1991-03-08,18.50,2.50,3.64,22,1,3,7,3,8,290799,9780070380004,English,Stationery
Understanding Options 2E,Michael Sincere,320,McGraw-Hill Education - Europe,2014-02-16,16.83,3.67,4.12,703,8,25,123,263,284,114297,9780071817844,English,Stationery
Color Zen Coloring Book : Perfectly Portable Pages,Valentina Harper,64,Design Originals,2015-09-01,5.22,0.78,4.27,11,1,0,1,2,7,170151,9781497200326,English,Stationery
"Technical Analysis Explained, Fifth Edition: The Successful Investor's Guide to Spotting Investment Trends and Turning Points",Martin Pring,832,McGraw-Hill Education - Europe,2014-02-16,59.06,13.94,4.05,581,21,30,90,199,241,113710,9780071825177,English,Stationery
Botanicals Labels & Stickers,Rifle Paper Co.,30,Chronicle Books,2012-10-01,9.46,2.54,4.8,5,0,0,0,1,4,10788,9781452107509,English,Stationery
The Old Outboard Book,Peter Hunn,320,McGraw-Hill Education - Europe,2002-06-06,31.03,0.47,4,9,0,1,1,4,3,353141,9780071383097,English,Stationery
Tales from the Midnight Masquerade Coloring Book,Hanna Karlzon,64,Gibbs M. Smith Inc,2020-08-18,15.57,0.43,4.57,7,0,0,1,1,5,20306,9781423655442,English,Stationery
"The Pregnancy Countdown Book : Nine Months of Practical Tips, Useful Advice, and Uncensored Truths","Susan Magee, Kara Nakisbendi",288,Quirk Books,2014-01-03,14.65,2.85,3.75,542,20,36,162,168,156,34188,9781594745737,English,Stationery
The Big Book of Laugh-Out-Loud Jokes for Kids - A 3-in-1 Collection,Rob Elliott,192,Baker Publishing Group,2014-01-21,9.58,0.19,4.01,165,9,7,37,33,79,12697,9780800723071,English,Stationery
"Fangirl, Vol. 1 : The Manga","Sam Maggs, Rainbow Rowell, Gabi Nam",216,"Viz Media, Subs. of Shogakukan Inc",2020-11-12,16.26,1.74,4.24,12675,137,336,1749,4546,5907,22541,9781974715879,English,Stationery
The Berenstain Bears Go to School,"Stan Berenstain, Jan Berenstain",32,Random House USA Inc,1982-03-25,5.99,0.01,4.31,19583,261,599,3203,4319,11201,14382,9780394837369,English,Stationery
"Crucial Accountability: Tools for Resolving Violated Expectations, Broken Commitments, and Bad Behavior, Second Edition ( Paperback)","Kerry Patterson, Joseph Grenny, Ron McMillan, Al Switzler, David Maxfield",304,McGraw-Hill Education - Europe,2013-06-16,17.36,2.64,4.08,7831,136,340,1437,2796,3122,17674,9780071829311,English,Stationery
Pop Manga Coloring Book,C D'errico,80,Watson-Guptill Publications,2017-05-11,16.21,0.79,4.59,99,0,3,7,18,71,29181,9780399578472,English,Stationery
The Times Quick Crossword Book 15 : 80 World-Famous Crossword Puzzles from the Times2,The Times Mind Games,192,HarperCollins Publishers,2011-03-16,8.44,0.56,4.67,3,0,0,0,1,2,313090,9780007368501,English,Stationery
I Wrote a Book about You,M H Clark,64,Compendium Inc.,2017-03-01,16.32,0.18,4.77,26,0,0,2,2,22,2086,9781943200108,English,Stationery
Harry Potter Talking Dobby and Collectible Book,Running Press,48,"Running Press,U.S.",2018-04-26,8.91,6.09,4.58,12,0,1,0,2,9,52440,9780762463107,English,Stationery
This Is Not A Book,Keri Smith,224,Penguin Books Ltd,2011-06-16,14.58,1.42,4.02,1505,37,93,307,434,634,23512,9781846144448,English,Stationery
Living Well One Line a Day : A Five-Year Reflection Book,Chronicle Books,372,Chronicle Books,2013-09-01,17.11,1.89,3.69,16,2,2,3,1,8,44401,9781452125480,English,Stationery
Harry Potter Talking Sorting Hat and Sticker Book : Which House Are You?,Running Press,16,Running Press,2017-05-25,7.48,6.02,4.3,10,0,0,2,3,5,14343,9780762461769,English,Stationery
The Birthday Book (Dark Red Cover),N. Bowman,40,Archer House Limited,2007-01-31,14.75,1.85,2,1,0,1,0,0,0,253487,9780955640933,English,Stationery
Harry Potter Wizard's Wand with Sticker Book : Lights Up!,Running Press,16,Running Press,2016-09-19,7.64,2.35,4,4,0,1,0,1,2,10083,9780762459377,English,Stationery
Growing You : A Pregnancy & Birth Story Book,Korie Herold,112,Random House USA Inc,2020-03-17,26.91,11.09,5,4,0,0,0,0,4,24468,9781944515973,English,Stationery
My Neighbor Totoro: 30 Postcards,Studio Ghibli,30,Chronicle Books,2018-10-23,10.58,2.92,3,1,0,0,1,0,0,45500,9781452171234,English,Stationery
Emma Calder's Moody Days Sticker Book,Emma Calder,32,Thames & Hudson Ltd,2010-03-08,16.86,2.12,1,1,1,0,0,0,0,221477,9780500515037,English,Stationery
As You Grow : A Modern Memory Book for Baby,Korie Herold,160,Random House USA Inc,2018-04-10,36.51,8.49,4.69,49,0,2,3,3,41,76412,9781944515478,English,Stationery
Shine Bright Productivity Journal,Chronicle Books,192,CHRONICLE BOOKS,2018-04-17,16.07,2.43,5,1,0,0,0,0,1,615275,9781452168241,English,Stationery
Aggretsuko Figurine and Illustrated Book : With Sound!,Sanrio Sanrio,48,Running Press,2020-09-17,9.40,4.60,5,2,0,0,0,0,2,406357,9780762469833,English,Stationery
Wave and Ripple Design Book,Satoshi Nakamoto,72,Leaf Storm Press,2019-08-08,12.84,2.66,3.67,3,0,1,0,1,1,398009,9781945652035,English,Stationery
"The McGraw-Hill Desk Reference for Editors, Writers, and Proofreaders(Book + CD-Rom)","K. D. Sullivan, Merilee Eggleston",304,McGraw-Hill Education - Europe,2006-07-13,18.60,1.40,3.94,67,1,3,15,28,20,265672,9780071470001,English,Stationery
"Midwifery Practice: Critical Illness, Complications and Emergencies Case Book","Maureen Raynor, Jayne Marshall, Karen Jackson",280,Open University Press,2012-08-01,39.59,0.91,4.17,6,0,0,1,3,2,265930,9780335242733,English,Stationery
Alphonse Mucha (Art Colouring Book) : Make Your Own Art Masterpiece,"Daisy Seal, David Jones",96,Flame Tree Publishing,2016-09-25,16.77,1.23,4.75,4,0,0,0,1,3,28809,9781786640468,English,Stationery
"Endless Referrals, Third Edition",Bob Burg,304,McGraw-Hill Education - Europe,2005-12-16,21.44,0.06,4,819,22,55,159,250,333,90616,9780071462075,English,Stationery
Knock Knock Why I'm Grateful for You Book Fill in the Love Fill-in-the-Blank Book & Gift Journal,Knock Knock,112,Knock Knock,2017-07-25,7.55,2.45,4.67,3,0,0,0,1,2,33615,9781683490029,English,Stationery
Horribly Hilarious Joke Book,"Terry Deary, Philip Reeve, Martin Brown",96,Scholastic,2022-03-03,5.73,0.77,3.79,104,4,11,26,25,38,7333,9780702314995,English,Stationery
Charley Harper the Animal Kingdom Book of Postcards,Pomegranate,30,"Pomegranate Communications Inc,US",2010-08-27,12.56,0.94,4.4,15,0,0,3,3,9,163235,9780764953736,English,Stationery
Reading Journal : For Book Lovers,Potter Gift,1,Random House USA Inc,2010-10-26,12.16,1.84,4.34,35,0,2,6,5,22,16667,9780307591661,English,Stationery
The Bodybuilder's Nutrition Book,Franco Columbo,176,Contemporary Books Inc,1985-10-16,17.42,1.58,3.82,121,0,9,39,38,35,71288,9780809254576,English,Stationery
The World's Greatest Paper Airplane and Toy Book,Keith Laux,120,McGraw-Hill Education - Europe,1988-01-01,17.88,0.62,3.91,33,0,3,11,5,14,166471,9780830628469,English,Stationery
William Morris Sticker Book,William Morris,8,"Pomegranate Communications Inc,US",2015-06-15,9.01,1.49,2,1,0,1,0,0,0,51191,9780764972423,English,Stationery
Spark Magic,Chronicle Books,50,Chronicle Books,2019-07-02,11.67,2.83,2,1,0,1,0,0,0,509186,9781452178219,English,Stationery
The Hoodoo Tarot : 78-Card Deck and Book for Rootworkers,"Tayannah Lee McQuillar, Katelan V. Foisy",160,Inner Traditions Bear and Company,2020-04-25,29.29,7.71,4.7,88,0,1,5,13,69,39177,9781620558737,English,Stationery
The Penguin Book of Puzzles,Dr Gareth Moore,304,Penguin Books Ltd,2018-06-26,16.58,0.42,3.4,15,2,2,2,6,3,21374,9780718188627,English,Stationery
"One Simple Idea, Revised and Expanded Edition: Turn Your Dreams into a Licensing Goldmine While Letting Others Do the Work",Stephen Key,288,McGraw-Hill Education,2015-10-16,22.05,1.95,3.93,891,19,57,207,293,315,124196,9781259589676,English,Stationery
After Dinner Amusements: Family Time : 50 Conversation Starters,Chronicle Books,55,CHRONICLE BOOKS,2017-09-12,8.96,1.54,5,1,0,0,0,0,1,264398,9781452164885,English,Stationery
Andy Warhol Postcard Set,"Galison, The Andy Warhol Foundation for the Visual Arts, Andy Warhol",30,Galison,2013-09-17,8.47,1.53,3.8,5,0,1,1,1,2,65188,9780735338487,English,Stationery
LEGO (R) Note Brick (Blue-Green),LEGO (R),224,CHRONICLE BOOKS,2020-05-05,13.59,1.41,3.5,2,0,1,0,0,1,45420,9781452179698,English,Stationery
Color Calm Coloring Book : Perfectly Portable Pages,Valentina Harper,64,Design Originals,2015-09-01,5.22,0.78,4.11,9,0,0,3,2,4,262181,9781497200333,English,Stationery
The Complete Book of Laser Sailing,Richard Tillman,160,McGraw-Hill Education - Europe,2005-10-16,23.50,0.50,3.95,19,0,0,6,8,5,303374,9780071452199,English,Stationery
I Owe You Sex : The Gift That Keeps on Giving ... to Both of You,Chronicle Books,30,CHRONICLE BOOKS,2005-10-28,5.16,1.84,4,1,0,0,0,1,0,68775,9780811850742,English,Stationery
Earth and Space 100 Postcards : Featuring Photographs from the Archives of NASA,Nirmala Nataraj,100,CHRONICLE BOOKS,2017-09-12,22.78,1.72,4.6,5,0,0,0,2,3,43813,9781452159386,English,Stationery
Color Dreams Coloring Book : Perfectly Portable Pages,Thaneeya Mcardle,64,Design Originals,2015-09-01,5.94,0.06,4.62,8,0,0,0,3,5,191546,9781497200364,English,Stationery
Address Bk Lollipop Tree,Inc Peter Pauper Press,160,Peter Pauper Press,2013-12-27,9.77,0.23,4.18,11,0,1,2,2,6,181449,9781441315526,English,Stationery
William Morris Stained Glass Coloring Book,William Morris,32,Dover Publications Inc.,2000-04-11,6.92,2.58,3.73,22,1,1,8,5,7,39917,9780486410425,English,Stationery
Sugar Skulls Coloring Book,Thaneeya Mcardle,80,Design Originals,2016-10-04,9.64,1.36,4.75,4,0,0,0,1,3,212945,9781497202047,English,Stationery
Birds by Charley Harper Book of Postcards,Pomegranate,30,"Pomegranate Communications Inc,US",2010-08-27,12.44,1.56,4.7,23,0,0,0,7,16,118762,9780764953729,English,Stationery
Bright Ideas Superbright Journal,Chronicle Books,288,Chronicle Books,2017-02-21,13.06,0.44,5,1,0,0,0,0,1,556459,9781452156002,English,Stationery
The Art of Instruction Notebook Collection,Chronicle Books,64,Chronicle Books,2012-10-10,12.72,1.78,4.5,4,0,0,1,0,3,164869,9781452110202,English,Stationery
The Times Quick Cryptic Crossword Book 6 : 100 World-Famous Crossword Puzzles,"The Times Mind Games, Richard Rogan, Times2",240,HarperCollins Publishers,2021-04-01,8.73,0.27,4,2,0,0,1,0,1,203838,9780008404260,English,Stationery
Witchlings Deck and Book Set,Paulina Cassidy,200,U.S. Games,2014-06-07,19.32,4.18,4.61,18,0,0,0,7,11,54764,9781572816671,English,Stationery
Knock Knock Inconsequential Dilemmas,Knock Knock,96,Knock Knock,2013-03-01,10.70,1.80,3.79,112,1,12,31,33,35,68671,9781601064868,English,Stationery
Harry Potter: Hogwarts School of Witchcraft and Wizardry,Jody Revenson,192,Insight Editions,2020-03-17,7.65,3.35,4.2,40,1,1,8,9,21,33539,9781683834588,English,Stationery
Tales from the Witch's Cottage : Coloring Book,Hanna Karlzon,64,Gibbs M. Smith Inc,2022-07-05,16.67,0.83,5,3,0,0,0,0,3,6440,9781423661658,English,Stationery
The Times Quick Cryptic Crossword Book 2 : 100 World-Famous Crossword Puzzles,"The Times Mind Games, Richard Rogan",240,HarperCollins Publishers,2017-04-01,9.83,0.17,4.44,9,1,0,0,1,7,67556,9780008173876,English,Stationery
Archidoodle : An Architect's Activity Book,Steve Bowkett,160,Laurence King Publishing,2013-11-05,18.15,5.35,4.33,61,1,2,5,21,32,10681,9781780673219,English,Stationery
Christmas Coloring Book,Thaneeya Mcardle,80,Design Originals,2015-11-01,10.05,0.95,4.05,19,0,2,5,2,10,116830,9781497200807,English,Stationery
Color Christmas Coloring Book : Perfectly Portable Pages,Thaneeya Mcardle,64,Design Originals,2015-11-01,5.22,0.78,4.4,20,0,1,2,5,12,110917,9781497200814,English,Stationery
Address Book Butterflies,Inc Peter Pauper Press,160,"Peter Pauper Press Inc,US",2009-04-30,9.16,0.84,3.83,6,1,0,1,1,3,111192,9781593592233,English,Stationery
The Book of Joy Journal : A 365 Day Companion,"Dalai Lama, Archbishop Desmond Tutu",240,Pisces Books,2018-02-14,15.82,2.18,3.83,18,2,2,3,1,10,58667,9780525534822,English,Stationery
Book Lover's Journal,Inc Peter Pauper Press,216,"Peter Pauper Press Inc,US",2011-01-15,15.62,0.38,4.43,115,4,1,13,20,77,34368,9781441304827,English,Stationery
Grains of Gold Coloring Book,Hanna Karlzon,96,Gibbs M. Smith Inc,2021-08-31,15.61,0.39,5,2,0,0,0,0,2,43123,9781423658337,English,Stationery
Color Your Own Book of Kells,Marty Noble,32,Dover Publications Inc.,2002-02-22,5.59,0.41,4.29,41,0,1,7,12,21,83456,9780486418650,English,Stationery
Knock Knock Why You're So Awesome Book Fill in the Love Fill-in-the-Blank Book & Gift Journal,Knock Knock,112,Knock Knock,2014-01-01,8.30,1.70,3.75,16,2,2,2,2,8,38100,9781601065476,English,Stationery
The Red Pocket Book of Spanish Verbs,"Ronni Gordon, David Stillman",464,McGraw-Hill Education - Europe,2003-08-18,11.39,8.11,4.08,12,0,2,0,5,5,65934,9780071421621,English,Stationery
The Mindfulness Colouring and Activity Book - Calming Colouring and De-stressing Doodles to Focus Your Busy Mind,G Hasson,96,John Wiley and Sons Ltd,2015-12-14,8.62,6.48,3.67,3,0,1,0,1,1,31782,9780857086785,English,Stationery
"The Garden, the Curtain & the Cross Colouring & Activity Book : Colouring, puzzles, mazes and more","Carl Laferton, Catalina Echeverri",32,The Good Book Company,2017-02-01,5.70,1.30,4.67,12,0,0,1,2,9,30537,9781784981754,English,Stationery
Hippie Animals Coloring Book,Thaneeya McArdle,80,DESIGN ORIGINALS,2017-02-07,9.98,1.02,5,3,0,0,0,0,3,236498,9781497202085,English,Stationery
The Times Quick Crossword Book 21 : 100 World-Famous Crossword Puzzles from the Times2,"The Times Mind Games, John Grimshaw",240,HarperCollins Publishers,2017-04-01,8.88,0.12,4,4,0,1,0,1,2,214327,9780008173890,English,Stationery
The GREGG Shorthand Manual Simplified,"John Gregg, Louis Leslie, Charles Zoubek",320,McGraw-Hill Education - Europe,1955-06-22,19.20,2.30,3.96,99,2,5,26,28,38,152532,9780070245488,English,Stationery
Tales From the Forest Kingdom Coloring Book,Hanna Karlzon,64,Gibbs M. Smith Inc,2021-08-31,15.24,2.76,4.71,7,0,0,1,0,6,6451,9781423658344,English,Stationery
Harry Potter Hogwarts Castle and Sticker Book : Lights Up!,Running Press,16,"Running Press,U.S.",2018-10-11,9.67,3.83,4.41,17,1,1,0,3,12,14528,9780762464401,English,Stationery
Mystical Mandala Coloring Book,Alberta Hutchinson,32,Dover Publications Inc.,2007-04-27,5.46,0.04,4.24,617,10,16,107,166,318,4655,9780486456942,English,Stationery
Bookscape Board Books: A Forest's Seasons,Ingela P. Arrhenius,10,Chronicle Books,2019-09-03,8.18,1.82,4.16,51,0,1,11,18,21,13323,9781452174945,English,Stationery
Famous Five: Five On A Treasure Island : Book 1,Enid Blyton,192,Hachette Children's Group,2016-11-03,7.22,1.78,4.11,30558,390,1026,5969,10701,12472,18665,9780340681060,English,Stationery
Harry Potter Magical Creatures Colouring Book,Warner Bros,80,Templar Publishing,2016-02-12,11.65,0.85,4.48,236,4,3,22,53,154,2254,9781783705825,English,Stationery
This Is Not A Book,Keri Smith,221,Penguin Putnam Inc,2011-01-26,16.08,0.42,4.02,1506,37,93,307,433,636,31658,9780399535215,English,Stationery
My Quotable Kid: A Parents' Journal of Unforgettable Quotes,Editors of Chronicle Books,144,CHRONICLE BOOKS,2009-04-01,13.87,2.63,4.75,12,0,0,0,3,9,9191,9780811868846,English,Stationery
One Sketch a Day Journal,Chronicle Books,192,CHRONICLE BOOKS,2015-05-27,14.66,3.34,4.18,28,1,2,3,7,15,10947,9780811875349,English,Stationery
The Times Codeword 8 : 200 Cracking Logic Puzzles,The Times Mind Games,240,HarperCollins Publishers,2017-08-01,9.69,3.81,5,1,0,0,0,0,1,121579,9780008218607,English,Stationery
Really RELAXING Colouring Book 2 : Colour Me Calm,Elizabeth James,64,Kyle Craig Publishing,2015-03-18,10.67,0.43,4.24,59,2,1,9,16,31,6185,9781908707321,English,Stationery
Mom's One Line a Day: A Five-Year Memory Book,Chronicle Books,372,CHRONICLE BOOKS,2010-03-31,16.37,1.13,4.41,105,5,2,9,18,71,51942,9780811874908,English,Stationery
The Paint Book : Loads of things you can make or do with Paint,Miri Flower,128,Frances Lincoln Publishers Ltd,2014-11-01,6.89,4.60,4.25,4,0,0,1,1,2,225158,9780711235830,English,Stationery
Space Playing Cards,Chronicle Books,55,Chronicle Books,2017-03-14,9.70,2.80,4.5,2,0,0,0,1,1,455054,9781452160993,English,Stationery
RHS Birthday Book,Royal Horticultural Society,112,Frances Lincoln Publishers Ltd,2018-03-09,8.35,6.65,3.4,5,0,2,1,0,2,4247,9780711239463,English,Stationery
The Little Book of Irishisms : Know the Irish through our Words,"Aimee Alexander, Aimée Concannon",168,Deegan Communications,2021-03-04,10.48,5.52,4.42,19,0,0,5,1,13,42746,9781914437007,English,Stationery
"Read Harder (A Reading Log): Track Books, Chart Progress","Book Riot, Piet Aukeman",160,ABRAMS,2018-09-04,12.03,5.47,4.63,27,0,0,2,6,19,46414,9781419732553,English,Stationery
DC: Harley Quinn,Darcy Reed,192,Insight Editions,2020-03-17,7.81,3.19,4.44,9,0,0,2,1,6,184873,9781683838654,English,Stationery
Secrets of the Mystic Grove Deck & Book Set,"Mary, Alayne Thomas, Arwen Lynch",44,U.S. Games,2017-12-15,19.42,5.08,4,3,0,0,1,1,1,37745,9781572818385,English,Stationery
"Write It Down, Let It Go : A Worry Relief Journal","Chronicle Books, Lindsay Kramer",192,CHRONICLE BOOKS,2016-08-02,14.42,3.08,4,8,1,0,1,2,4,374735,9781452149196,English,Stationery
The Times Quick Cryptic Crossword Book 4 : 100 World-Famous Crossword Puzzles,"The Times Mind Games, Richard Rogan",240,HarperCollins Publishers,2019-04-01,8.88,0.12,4,4,1,0,0,0,3,231798,9780008285395,English,Stationery
The Sketchbook Idea Generator (Mix-and-Match Flip Book) : Mix and Match Prompts for Your Art Practice,Jennifer Lewis,160,Abrams,2020-09-01,17.88,0.12,4.33,12,0,1,1,3,7,247086,9781419746512,English,Stationery
"How to Deliver a TED Talk: Secrets of the World's Most Inspiring Presentations, revised and expanded new edition, with a foreword by Richard St. John and an afterword by Simon Sinek",Jeremey Donovan,240,McGraw-Hill Education - Europe,2014-01-29,20.24,1.26,3.9,2126,29,124,528,784,661,38191,9780071831598,English,Stationery
Universal Waite Tarot Deck and Book Set,Authur Edward Waite,340,U.S. Games,2003-03-01,31.58,3.42,4.17,18,1,0,4,3,10,52234,9780880794169,English,Stationery
Every Day : A Five-Year Memory Book,Mr. Boddington's Studio,372,CHRONICLE BOOKS,2013-04-01,15.29,4.71,4.36,45,2,1,4,10,28,111348,9781452113715,English,Stationery
Mythographic Color and Discover: Frozen Fantasies : An Artist's Coloring Book of Winter Wonderlands,Fabiana Attanasio,96,Castle Point Books,2021-01-12,16.61,1.89,5,2,0,0,0,0,2,13799,9781250271129,English,Stationery
Color Animals Coloring Book : Perfectly Portable Pages,Jess Volinski,64,Design Originals,2016-11-08,5.22,0.78,4.5,2,0,0,0,1,1,390664,9781497202399,English,Stationery
Knock Knock Chakras Activity Book & Journal,Knock Knock,96,Knock Knock,2019-09-27,12.31,2.69,4.37,35,0,1,4,11,19,297266,9781683492368,English,Stationery
"The Whole Brain Business Book, Second Edition: Unlocking the Power of Whole Brain Thinking in Organizations, Teams, and Individuals","Ned Herrmann, Ann Herrmann-Nehdi",432,McGraw-Hill Education - Europe,2015-07-16,27.77,4.23,3.98,126,1,10,24,46,45,193742,9780071843829,English,Stationery
Hiroshige Book of Postcards,Katie Burke,30,"Pomegranate Communications Inc,US",2004-07-01,13.22,0.78,3.5,2,0,0,1,1,0,454755,9780764916205,English,Stationery
Spark Kindness,Chronicle Books,50,Chronicle Books,2020-03-03,11.67,1.83,5,1,0,0,0,0,1,963771,9781452182964,English,Stationery
Jane Foster's Animals cloth book,Jane Foster,8,Templar Publishing,2018-02-08,8.58,2.92,5,1,0,0,0,0,1,262562,9781783708772,English,Stationery
Sunday Telegraph Book of General Knowledge Crosswords 6,Telegraph Group Limited,208,Pan Macmillan,2009-05-01,14.02,3.98,4,1,0,0,0,1,0,246914,9780330509824,English,Stationery
The Little Book of BAD MOODS : (A cathartic activity book),"Lotta Sonninen, Piia Aho",112,Bloomsbury Publishing PLC,2018-12-27,7.02,0.98,3.74,65,4,7,16,13,25,291365,9781526609892,English,Stationery
"Zenspirations Coloring Book Abstract & Geometric Designs : Create, Color, Pattern, Play!",Joanne Fink,64,Design Originals,2014-04-01,8.99,2.01,4.33,39,0,0,7,12,20,245810,9781574218718,English,Stationery
Daily Telegraph Cryptic Crossword Book 55,Telegraph Group Limited,192,Pan Macmillan,2005-09-16,13.83,4.17,3.67,3,0,1,0,1,1,236109,9780330437653,English,Stationery
Garden Fairies Stained Glass Coloring Book,Darcy May,16,Dover Publications Inc.,2003-03-28,8.38,0.62,4,17,0,2,4,3,8,358530,9780486423883,English,Stationery
Barack Obama: Quotes to Live By,Carlton Books,192,Welbeck Publishing Group,2020-02-04,9.57,1.43,3.75,4,0,0,2,1,1,775146,9781787393066,English,Stationery
Alien : The Coloring Book,"Titan Books, VICENTE, Diaz Wellington, Guilherme Raffide, Leandro Casco, Salvo, Vinz el Tabanas, Rubine, Salvador Navarro, Daniel Wichinson",80,Titan Books Ltd,2017-05-09,15.03,0.97,4.47,17,0,0,3,3,11,323452,9781785653766,English,Stationery
"Buddhist Art Coloring Book 2 : Buddhas, Deities, and Enlightened Masters from the Tibetan Tradition",Robert Beer,128,Shambhala Publications Inc,2016-02-20,17.53,0.47,4.44,9,0,0,1,3,5,142906,9781611803525,English,Stationery
Book of Shadows Tarot Complete Edition,"Barbara Moore, Grzegorz Krysinski, Simone Gabrielli, Sabrina Ariganello, Alessia Pastorello",78,Lo Scarabeo,2017-06-14,37.06,4.94,4.5,10,0,0,1,3,6,12948,9788865275115,English,Stationery
Victory Through Organization: Why the War for Talent is Failing Your Company and What You Can Do About It,"Dave Ulrich, David Kryscynski, Wayne Brockbank, Mike Ulrich",304,McGraw-Hill Education,2017-04-05,32.33,1.17,3.82,44,3,3,9,13,16,51165,9781259837647,English,Stationery
Manager's Guide to Crisis Management,Jonathan Bernstein,192,McGraw-Hill Education - Europe,2011-12-16,18.49,3.01,3.62,32,1,3,9,13,6,194750,9780071769495,English,Stationery
Knock Knock Why You're My Bestie Book Fill in the Love Fill-in-the-Blank Book & Gift Journal,Knock Knock,112,Knock Knock,2015-02-21,7.77,1.23,4.35,23,2,1,1,2,17,35770,9781601066909,English,Stationery
"Words that Sell, Revised and Expanded Edition",Richard Bayan,160,McGraw-Hill Education - Europe,2006-05-30,15.43,2.07,4.02,794,20,44,151,262,317,8344,9780071467858,English,Stationery
I Wrote a Book about You,M H Clark,64,Compendium Inc.,2017-03-01,16.32,0.18,4.77,26,0,0,2,2,22,2086,9781943200108,English,Stationery
Van Gogh's Sunflowers Notebook,Vincent Van Gogh,64,Dover Publications Inc.,2016-08-26,3.41,0.09,4.67,9,0,1,0,0,8,5868,9780486807737,English,Stationery
Boxed Kits : The Sex Game,Ariel Books,32,Andrews McMeel Publishing,2003-12-02,8.84,1.66,3.67,3,0,1,0,1,1,515615,9780740740947,English,Stationery
The Big Red Book of Spanish Idioms,Peter Weibel,400,McGraw-Hill Education - Europe,2004-08-16,16.74,3.57,4.18,22,0,0,5,8,9,268671,9780071433020,English,Stationery
Understanding Options 2E,Michael Sincere,320,McGraw-Hill Education - Europe,2014-02-16,16.83,3.67,4.12,703,8,25,123,263,284,114297,9780071817844,English,Stationery
Color Cute Coloring Book : Perfectly Portable Pages,Jess Volinski,64,Design Originals,2016-11-08,5.22,0.78,3.33,3,0,1,1,0,1,267253,9781497202382,English,Stationery
My Book Journal : A 100-Book Reading Diary for Bibliophiles,Sterling,192,Sterling Publishing Co Inc,2019-09-07,13.38,0.12,4.4,5,0,0,1,1,3,44683,9781454936336,English,Stationery
Power of Love Coloring Book,Thaneeya Mcardle,80,DESIGN ORIGINALS,2017-09-05,9.98,1.02,5,3,0,0,0,0,3,279630,9781497203204,English,Stationery
DC Comics: Villains of Gotham City Tiny Book,Insight Editions,192,Insight Editions,2020-09-29,7.65,3.35,4,5,0,0,1,3,1,32580,9781683834816,English,Stationery
More Good Vibes Coloring Book,Thaneeya Mcardle,80,Design Originals,2017-02-07,9.98,1.02,4,3,0,0,1,1,1,156598,9781497202061,English,Stationery
Hiroshige Book of Postcards,Katie Burke,30,"Pomegranate Communications Inc,US",2004-07-01,13.22,0.78,3.5,2,0,0,1,1,0,454755,9780764916205,English,Stationery
Disney Frozen Tiny Book,Brooke Vitale,192,Insight Editions,2022-04-12,7.65,4.35,5,1,0,0,0,0,1,436180,9781647225711,English,Stationery
Little Pink Book Little Pink Book(address),Inc Peter Pauper Press,160,"Peter Pauper Press Inc,US",2005-07-01,9.59,0.41,3.82,11,2,0,2,1,6,36004,9781593594046,English,Stationery
Creative Haven Glorious Gardens Color by Number Coloring Book,George Toufexis,96,Dover Publications Inc.,2019-11-30,10.87,0.13,5,4,0,0,0,0,4,108574,9780486836690,English,Stationery
"3,001 Questions All About Me: Volume 1",Editors of Chartwell Books,204,Book Sales Inc,2020-12-15,10.55,0.45,4,2,0,0,1,0,1,13382,9780785839071,English,Stationery
Knock Knock What I Love about You Book Fill in the Love Fill-in-the-Blank Book & Gift Journal,Knock Knock,112,Knock Knock,2013-03-01,7.77,1.23,4.32,41,1,2,5,8,25,1478,9781601064936,English,Stationery
Harry Potter Colouring Book : An official colouring book,J. K. Rowling,80,Templar Publishing,2015-12-15,12.64,0.86,4.36,2427,76,73,294,453,1531,5516,9781783705481,English,Stationery
Pantone 50 Postcards,Chronicle Books,50,Chronicle Books,2020-10-16,15.29,2.71,5,1,0,0,0,0,1,45413,9781452183831,English,Stationery
After Dinner Amusements: Get Smart : 50 Trivia Questions,Chronicle Books,55,Chronicle Books,2017-09-12,8.86,1.64,3,1,0,0,1,0,0,592156,9781452164908,English,Stationery
Vader's Little Princess Postcards,Jeffrey Brown,30,CHRONICLE BOOKS,2014-05-20,8.32,2.18,4.73,15,0,0,1,2,12,170069,9781452135441,English,Stationery
"Hop, Skip, and Sing Spanish (Book + Audio CD)",Ana Lomba,24,McGraw-Hill Education - Europe,2006-10-16,9.59,2.41,3.7,10,0,3,2,0,5,122603,9780071474511,English,Stationery
The Southwest Airlines Way,Jody Hoffer Gittell,336,McGraw-Hill Education - Europe,2005-06-16,18.09,1.41,3.73,419,8,26,125,173,87,178905,9780071458276,English,Stationery
Michelle Obama: Quotes to Live By,Carlton Books,192,Welbeck Publishing Group,2020-02-04,9.24,1.26,4.24,119,2,5,15,37,60,774156,9781787392908,English,Stationery
Birds in a Book (A Bouquet in a Book): Jacket Comes Off. Branches Pop Up. Display Like a Bouquet!,"Rachel Grant, Lesley Earle",24,ABRAMS,2019-02-05,17.78,1.72,4.44,9,0,0,1,3,5,359921,9781419733932,English,Stationery
Text Books of Art Education; Volume 5,Bonnie E Snow,104,Sagwan Press,2018-02-02,16.09,1.41,4,1,0,0,0,1,0,9781376522679,9781376522679,English,Stationery
